{
    "u_pt": 60.15,
    "u_ref": 273.15,
    "delta_u": 0.7585260000000176,
    "v": 0.16,
    "l": 1.0,
    "specific_heat_liquid": 1005.0,
    "specific_heat_solid": 1005.0,
    "specific_latent_heat_solid": 333000.0,
    "density_liquid": 1.269,
    "density_solid": 1.269,
    "thermal_conductivity_liquid": 0.02442285675,
    "thermal_conductivity_solid": 0.02442285675,
    "delta": null
}