{
    "u_pt": 273.15,
    "u_ref": 281.15,
    "delta_u": 8.0,
    "v": 0.04,
    "l": 0.2,
    "epsilon": 0.001,
    "kinematic_viscosity_coeffs": [
        0.000108963453,
        -9.28722151e-07,
        2.65889022e-09,
        -2.54761652e-12
    ],
    "volumetric_thermal_exp_coeffs": [7.68e-6]
}