{
  "geometry": {
    "width": 0.038,
    "height": 0.038,
    "end_time": 3600,
    "n_x": 301,
    "n_y": 301,
    "n_t": 7200
  },
  "material_props": {
    "u_pt": 273.15,
    "specific_heat_liquid": 4212.0,
    "specific_heat_solid": 4212.0,
    "specific_latent_heat": 1e-6,
    "density_liquid": 999.8,
    "density_solid": 999.8,
    "thermal_conductivity_liquid": 0.566,
    "thermal_conductivity_solid": 0.566,
    "dynamic_viscosity": 1.7888e-3,
    "volumetric_thermal_exp": -6.733353e-05,
    "density_poly_coeffs": [
      -6.62139792627547e-7,
      8.78462866500416e-5,
      -0.00894484552601798,
      0.0673268037314653,
      999.840281167108
    ]
  },
  "u_ref": 273.15,
  "delta_u": 10.0,
  "l": 0.038,
  "delta": 1.0,
  "delta_flow": 1.0,
  "epsilon": 1.0
}