{
    "u_pt": 273.15,
    "u_ref": 278.1,
    "delta_u": 5.0499999999999545,
    "v": 0.03,
    "l": 1.0,
    "epsilon": 0.05,
    "kinematic_viscosity_coeffs": [
        0.000108963453,
        -9.28722151e-07,
        2.65889022e-09,
        -2.54761652e-12
    ],
    "volumetric_thermal_exp_coeffs": [
        -0.0114630054,
        6.86739177e-05,
        -9.84848485e-08
    ]
}